JobSID,Jlast_name,Jfirst_name,Jpassword,Jgender,JPhone,Jemail,JsuiteNo,Jstreet,Jcity,Jprovince,Jcountry,Jpostalcode
1,Kingswold,Tuckie,cG5\!=$3kFz3,M,401-570-7408,tkingswold0@digg.com,7781,54636 Laurel Center,Killam,Suite 1,Canada,A0A
2,Coulman,Jermain,hQ1Vgi~W1,M,919-256-7001,jcoulman1@eepurl.com,8350,2288 Dunning Pass,Durham,Apt 1958,United States,27710
3,Austick,Lotte,vI7y'F)l,F,968-380-1500,laustick2@yolasite.com,1910,392 Summer Ridge Junction,Saint-André-Avellin,11th Floor,Canada,T5Y
4,Blackey,Adelaida,eK90Cqw#!/l(x#,F,513-733-3382,ablackey3@exblog.jp,8820,4942 Eliot Hill,Watrous,PO Box 70653,Canada,L9T
5,Jurisic,Elset,yK8kQ@SfQ#IqJz,F,267-486-2242,ejurisic4@wikimedia.org,8171,30 Daystar Way,Philadelphia,Apt 932,United States,19120
6,Reinbach,Grace,hU0hibQht%drLO%A,F,434-458-6414,greinbach5@mit.edu,4919,0 Springview Hill,Charlottesville,Apt 951,United States,22908
7,Linge,Minnaminnie,"eS3""l3fE((`",F,459-445-9161,mlinge6@csmonitor.com,2111,855 Logan Place,Newtown,Room 403,United Kingdom,RG20
8,Bulfit,D'arcy,pZ1qVVRb|A,M,502-229-9161,dbulfit7@patch.com,9643,6 Kinsman Terrace,Louisville,Suite 46,United States,40293
9,Dowbekin,Charla,rI7C<sw/Q,F,371-162-8262,cdowbekin8@marriott.com,1583,04 Mcguire Place,Ucluelet,2nd Floor,Canada,G6E
10,Van de Velde,Elinor,zF9D|6ypp,F,850-126-9720,evandevelde9@ucsd.edu,8984,70026 Transport Parkway,Tallahassee,Apt 1718,United States,32304
11,Delgado,Shir,xR1IaP@RRYS*,F,644-136-3182,sdelgadoa@weather.com,5673,348 Acker Crossing,Catalina,Room 1046,Canada,B2V
12,Scoggin,Tanner,aO2'CjnA~hA_n,M,305-651-1135,tscogginb@aboutads.info,3854,78261 Sachs Crossing,Miami,Suite 33,United States,33158
13,Dennant,Ferris,nR7@M0x()T,M,405-235-5636,fdennantc@lulu.com,8522,62317 Ohio Road,Oklahoma City,3rd Floor,United States,73135
14,Fitzackerley,Clarisse,iX8MS4tr1n,F,412-926-6038,cfitzackerleyd@samsung.com,4401,7747 Blackbird Hill,Pittsburgh,Apt 1464,United States,15286
15,Rajchert,Consolata,zS9HSk1e2vl,F,511-470-5531,crajcherte@canalblog.com,9178,13 Ohio Plaza,Papineauville,Room 941,Canada,G5N
16,Vickery,Faustine,"hG7rt'#""Cj3",F,412-926-5277,fvickeryf@free.fr,4492,0 Northridge Trail,Les Cèdres,Suite 4,Canada,J6S
17,Stife,Gert,"cK5.Q""s/7CXD#",F,414-128-4633,gstifeg@t.co,3118,542 Maywood Parkway,Milwaukee,Suite 86,United States,53263
18,Simoni,Erinna,"dF0j!`,3K""R",F,770-456-1340,esimonih@networksolutions.com,1188,95 Roth Point,Marietta,Suite 99,United States,30061
19,Nortcliffe,Martha,tB7o~(Dz9H',F,305-746-0747,mnortcliffei@unicef.org,6971,2114 Portage Pass,Miami,Apt 737,United States,33175
20,O'Hederscoll,Sande,tV0PDc#=y)H?>,F,205-775-6503,sohederscollj@pbs.org,3549,37 Pankratz Crossing,Birmingham,Suite 50,United States,35244
21,Bane,Amitie,hE9AX`45&&r,F,302-667-8714,abanek@dailymail.co.uk,8596,3755 Knutson Street,Wilmington,PO Box 69978,United States,19810
22,Openshaw,Elliott,uA1T!X*/90m@',M,259-115-3370,eopenshawl@nydailynews.com,8070,8 Saint Paul Parkway,Boissevain,Apt 1945,Canada,G7S
23,Kem,Hercules,cF4KxB?CR,M,801-789-0958,hkemm@bandcamp.com,9251,679 Pond Parkway,Cache Creek,Room 1357,Canada,N1G
24,Daid,Gillian,"xU1`E5@d?H,jjN0H",F,717-591-9139,gdaidn@sogou.com,5037,018 Hansons Road,Harrisburg,Suite 52,United States,17110
25,Shepperd,Carry,bV08H+}MdNywMVCt,F,701-390-9140,cshepperdo@hp.com,7756,740 Killdeer Place,Grand Forks,15th Floor,United States,58207
26,Halston,Bjorn,vB3z.zh&u6(,M,768-411-3580,bhalstonp@google.com,2834,99 Loeprich Hill,Repentigny,Apt 1701,Canada,J6V
27,Isacoff,Sumner,"sN9N#b""JR",M,609-961-4635,sisacoffq@si.edu,2338,55 Pond Junction,Trenton,Room 1320,United States,08695
28,Emons,Clyde,wA3G&>|fckk|Mx,M,855-546-5036,cemonsr@earthlink.net,2742,566 Logan Road,Mirabel,Suite 4,Canada,J5K
29,Tixier,Stavro,oS9=J=hlDFzwB,M,441-965-0850,stixiers@vistaprint.com,9358,8 Cottonwood Road,Sarnia,Suite 65,Canada,N7V
30,Ruprecht,Modesty,"uM2IqQv""vKrnzAaV",F,479-372-5453,mruprechtt@eventbrite.com,5971,46 Fair Oaks Way,Victoria,Apt 90,Canada,V9A
31,Haverty,Griffie,jD9Fw_5Qhl,M,253-959-7214,ghavertyu@sohu.com,6393,55217 Erie Drive,Tacoma,Suite 92,United States,98442
32,McLarens,Maxwell,eQ6f'zi&G>hm&422,M,334-911-4355,mmclarensv@1688.com,9114,8846 Forest Dale Court,Montgomery,Room 604,United States,36177
33,Chessun,Bambie,eM3a7sR>IcPm$,F,512-105-7886,bchessunw@java.com,1100,88586 Duke Trail,Austin,Suite 98,United States,78715
34,Prandini,Teodora,cJ5lh=%)+J@Oqf,F,119-104-8904,tprandinix@shinystat.com,9577,0 Derek Hill,Prince Albert,Apt 1189,Canada,S6W
35,Siret,Galven,"pP83,(r~@!DFH",M,562-444-2043,gsirety@merriam-webster.com,5148,3 Nobel Point,Los Angeles,Room 1294,United States,90045
36,Digle,Aili,oN8'RA<3*1p*_~7,F,502-717-5403,adiglez@goo.gl,2962,73 Vernon Center,Louisville,Suite 48,United States,40205
37,Willimott,Shena,cE7@dC&PQlLiJk,F,336-195-8449,swillimott10@google.ru,6910,0267 Huxley Trail,Greensboro,Suite 96,United States,27499
38,Hunnaball,Flossie,oH8'HGpP19n,F,871-535-7354,fhunnaball11@nymag.com,6800,1840 Menomonie Road,Richmond,Room 1558,Canada,V6Z
39,Hancell,Lindie,rH4!4a8ROxCj,F,917-760-1519,lhancell12@wufoo.com,2336,4 Ruskin Road,Bronx,Apt 103,United States,10469
40,Ballin,Gavin,lS62D9_x,M,689-947-5665,gballin13@vkontakte.ru,5889,553 Ilene Plaza,Kirkland Lake,Suite 60,Canada,P2N
41,Ardron,Tiphanie,iC6h%'D>j>,F,524-351-2853,tardron14@smugmug.com,4598,9 Cascade Street,Whitchurch,PO Box 75494,United Kingdom,BS14
42,Gearing,Elsinore,"jH184gU$#S.fmv""C",F,208-785-6863,egearing15@edublogs.org,1530,49 Schurz Plaza,Boise,15th Floor,United States,83727
43,Epton,Bette,nU49UxY{q1W1,F,706-467-1202,bepton16@sina.com.cn,3052,5 Hintze Drive,Augusta,Apt 1994,United States,30905
44,Steanson,Dolph,zN9_gy%Kg9jOV+,M,366-337-2723,dsteanson17@arizona.edu,1788,79198 Mccormick Trail,Lacolle,Suite 97,Canada,E5A
45,Harradence,Odie,oE8TsCuvH,M,203-488-1585,oharradence18@icq.com,6665,93 Dawn Pass,Stamford,Suite 16,United States,06912
46,Botger,Annamarie,eC9X9yszX8l,F,703-262-9820,abotger19@thetimes.co.uk,1484,0 Cherokee Road,Arlington,Suite 4,United States,22205
47,Penticost,Hubie,pJ5MFz|PNj0`Q,M,904-954-4766,hpenticost1a@dropbox.com,3687,513 Sachs Hill,Jacksonville,9th Floor,United States,32277
48,Theobald,Annette,vB1(LglWY>(k>8,F,210-739-4698,atheobald1b@virginia.edu,4603,258 Killdeer Street,San Antonio,Room 259,United States,78215
49,Keppy,Bruce,uG0VZYnzr~,M,952-897-6521,bkeppy1c@w3.org,2124,2500 Namekagon Way,Young America,11th Floor,United States,55573
50,Weed,Hervey,zM6X?YdH,M,302-984-0239,hweed1d@unc.edu,5509,6152 Corben Court,Wilmington,12th Floor,United States,19810
51,Leinthall,Violet,tW4R!l%{FCwY~d1,F,143-309-3146,vleinthall1e@china.com.cn,1608,2 Sunbrook Trail,Cache Creek,13th Floor,Canada,N1G
52,Dibdall,Monroe,zA00ti!s51m'@(,M,303-561-7444,mdibdall1f@ovh.net,5611,5720 Forster Park,Aurora,Apt 585,United States,80045
53,Batchelar,Colby,bP7KPw?Ef/,M,281-176-7930,cbatchelar1g@dailymail.co.uk,7144,7731 Dryden Drive,Houston,Room 1677,United States,77085
54,Towns,Harland,"sT1(RZ,!",M,238-532-6579,htowns1h@deviantart.com,5895,78393 Oak Parkway,Hatton,Room 99,United Kingdom,CV35
55,Pocknoll,Lawry,kE0?Kkqm,M,545-247-5171,lpocknoll1i@cdbaby.com,7430,929 Eagle Crest Drive,Saint-Sauveur,Suite 21,Canada,J0R
56,Dinnis,Alissa,dI1T2!+.nnB,F,585-475-6871,adinnis1j@angelfire.com,9604,0 Myrtle Place,Thetford-Mines,Apt 1207,Canada,G6G
57,Vice,Dania,"yZ26(d8aMj,{s\A",F,560-861-1380,dvice1k@upenn.edu,1987,268 Kings Circle,Mont-Royal,Apt 1201,Canada,H5B
58,Venour,Kathryne,pX3X}u*zLmF?,F,253-194-7281,kvenour1l@csmonitor.com,7377,2281 Laurel Circle,Tacoma,Room 1615,United States,98405
59,Nicolson,Whitaker,"cV5etC""@XZV>Oo",M,690-426-3060,wnicolson1m@cloudflare.com,7835,76 Southridge Hill,Newton,8th Floor,United Kingdom,IV1
60,Averay,Irwinn,fV7_`K|nhS,M,773-962-5352,iaveray1n@mlb.com,4714,9949 Dakota Street,Chicago,Suite 3,United States,60630
61,Lenox,Inger,"bV8BEDv%Qq,T9Ao<",M,736-930-7582,ilenox1o@dailymail.co.uk,7769,1385 Old Shore Place,Vulcan,Room 821,Canada,V6M
62,Stephens,Bella,sD4n3tK~hDx|S.b,F,423-504-7180,bstephens1p@fotki.com,7212,8 Little Fleur Way,Pickering,10th Floor,Canada,L1X
63,Dommerque,Minne,bM35VDCFRX,F,347-292-2804,mdommerque1q@ed.gov,7513,990 Wayridge Pass,Flushing,Suite 41,United States,11355
64,Itzhak,Chickie,xN6%kjL|e,F,915-544-9140,citzhak1r@goodreads.com,8299,87 Esker Park,El Paso,4th Floor,United States,88546
65,Prichard,Blisse,tI3'0a\&PA7I}Oy,F,212-817-5305,bprichard1s@samsung.com,9498,8157 Forest Run Drive,New York City,Room 966,United States,10131
66,Handscomb,Christoforo,hQ8D?bB`0nG,M,706-480-4862,chandscomb1t@scribd.com,4157,87 Cambridge Hill,Columbus,14th Floor,United States,31998
67,Perfili,Darill,"wM6!fM$w,AF*s_K.",M,212-520-1849,dperfili1u@cloudflare.com,6037,2 Riverside Drive,Brooklyn,Apt 1461,United States,11247
68,Kinde,Fran,bX8UFNI('VTzH8,F,254-724-2849,fkinde1v@mozilla.org,2208,22 Northland Point,Gatesville,Apt 346,United States,76598
69,Tommaseo,Saxon,hY21Mx|W7+5n>'\,M,305-973-1296,stommaseo1w@clickbank.net,4010,8783 Fairfield Court,Miami,9th Floor,United States,33196
70,Cowlam,Angelica,wM0u<%R{KKFAM,F,813-692-4893,acowlam1x@wp.com,5930,9 Paget Pass,Tampa,Apt 1816,United States,33680
71,Petrozzi,Ginnifer,iI3mK6}t)d@4,F,732-791-3026,gpetrozzi1y@apache.org,7087,34 Moose Point,Laval,PO Box 41836,Canada,H7S
72,Brownsword,Fran,mM0bR0n9z&p}in/l,M,965-639-2968,fbrownsword1z@ebay.com,7155,8864 Claremont Road,Hudson,Apt 1970,Canada,J0N
73,Dahlborg,Drucy,"vL7\s,4|'Iz",F,602-472-2410,ddahlborg20@photobucket.com,8398,5 Bowman Center,Phoenix,Room 915,United States,85099
74,Taffrey,Corrianne,qP9ejA|8t5B,F,228-843-6566,ctaffrey21@acquirethisname.com,2474,85681 Northview Parkway,Biloxi,Suite 24,United States,39534
75,Staff,Micheil,iL0g?BkOi/i|x,M,901-794-7629,mstaff22@ucoz.ru,3631,0979 Sloan Hill,New Glasgow,PO Box 44013,Canada,B2H
76,Klemt,Dominik,lC9'@y$mv,M,184-377-2104,dklemt23@house.gov,7886,729 Myrtle Point,Brant,Room 1504,Canada,N3T
77,Gildersleeve,Carrie,tO5=N`2(\P!~yW,F,907-935-9126,cgildersleeve24@webeden.co.uk,4488,4 Petterle Court,Anchorage,Room 1237,United States,99507
78,Laval,Antonina,aV0B1+|+Y1)6PCfg,F,314-989-1880,alaval25@topsy.com,2777,96 Marquette Junction,Saint Louis,PO Box 65092,United States,63126
79,Horney,Dane,dK0h(yuz>0>+,M,148-815-6010,dhorney26@google.es,7191,65 3rd Point,Carbonear,PO Box 35393,Canada,A1Y
80,Colisbe,Monty,aQ2&S7yi!%,M,319-835-9967,mcolisbe27@printfriendly.com,2972,2554 Bowman Way,Cedar Rapids,Room 1385,United States,52410
81,Rylstone,Noreen,lW2$5GY#f2ar{,F,601-372-2972,nrylstone28@state.gov,6870,0 Kingsford Trail,Jackson,7th Floor,United States,39236
82,Mewton,Simonne,"rN9%APW/|""sE",F,123-930-4327,smewton29@webs.com,5621,202 Columbus Court,Morden,10th Floor,Canada,R6M
83,Halbard,Alice,cY0t#N2`lJB8~X,F,225-432-2927,ahalbard2a@illinois.edu,6981,3609 Rutledge Alley,Baton Rouge,Room 829,United States,70826
84,Ragdale,Samuele,"dT1lC<q.uQCN,R\",M,772-915-2597,sragdale2b@vistaprint.com,8429,9 Springview Alley,Port Saint Lucie,Room 1775,United States,34985
85,Stivani,Reynard,yS3U/f(t5H,M,719-339-5321,rstivani2c@com.com,2355,12 Scofield Road,Colorado Springs,Apt 1174,United States,80945
86,Roundtree,Berti,zR7$F~SM5,M,202-205-6217,broundtree2d@aol.com,1960,230 Anthes Alley,Washington,Apt 762,United States,20566
87,Neward,Tammy,"qC3gR.""jd\n,(`V",M,619-575-6948,tneward2e@gnu.org,8959,81980 Forest Place,San Diego,16th Floor,United States,92191
88,Griffe,Caye,iO4\2lz$ow,F,408-919-2164,cgriffe2f@samsung.com,2125,575 Sheridan Terrace,San Jose,Apt 1036,United States,95138
89,Maydway,Rafaellle,fY44'SOO5ju,M,812-417-3954,rmaydway2g@youtube.com,9616,53 Twin Pines Junction,Evansville,Suite 46,United States,47719
90,Gockelen,Erny,yX8q=CxVm,M,547-242-7744,egockelen2h@behance.net,5785,9 Burning Wood Trail,Boisbriand,Suite 59,Canada,J7G
91,Gilsthorpe,Dael,sZ0HUZsCaV5.X,F,913-423-3107,dgilsthorpe2i@vkontakte.ru,6091,8550 Sachtjen Hill,Shawnee Mission,Room 1031,United States,66225
92,Treble,Malina,"cS3Ls,w6(r/"">.",F,515-197-9959,mtreble2j@tmall.com,3618,150 Crescent Oaks Avenue,Des Moines,Room 629,United States,50369
93,Merton,Georgeanna,hK3L&<5#s`YxU,F,272-982-2218,gmerton2k@ftc.gov,9630,4 Manufacturers Plaza,Swindon,Suite 59,United Kingdom,SN1
94,Gaudin,Aleece,gW9D2VwB6Tdo,F,588-357-5450,agaudin2l@bloglovin.com,9775,3 Ridgeview Hill,Killarney,13th Floor,Canada,V9B
95,Fippe,Aluino,iP9>s|L!hgP,M,425-954-2469,afippe2m@ox.ac.uk,9503,448 Kingsford Junction,Seattle,Room 923,United States,98115
96,Stayt,Berty,xT8&DXA9$Tp,F,516-405-6725,bstayt2n@home.pl,1224,32984 Karstens Way,Great Neck,PO Box 91971,United States,11024
97,Duffett,Mac,lL5p|2Z8NO(Nn},M,941-676-8399,mduffett2o@intel.com,3844,1 Lindbergh Park,Naples,20th Floor,United States,34102
98,Gumn,Lonee,zM6P*b00,F,873-240-0141,lgumn2p@live.com,6513,29678 Charing Cross Point,Kirkland,Suite 46,Canada,H9J
99,Kinnane,Giffie,dC8%JjweV,M,202-576-3073,gkinnane2q@rediff.com,6929,1 Susan Crossing,Washington,16th Floor,United States,20546
100,McNern,Marcia,lL3(.h|.{4oPV.v,F,319-549-3017,mmcnern2r@ifeng.com,8352,23657 Bultman Crossing,Iowa City,PO Box 40318,United States,52245
